{"learner":{"attributes":{},"feature_names":[],"feature_types":[],"gradient_booster":{"model":{"gbtree_model_param":{"num_parallel_tree":"1","num_trees":"5"},"iteration_indptr":[0,5],"tree_info":[0,1,2,3,4],"trees":[{"base_weights":[9.656075E-1,2.2715478E0,4.8458517E-1,-6.1819762E-2,2.401789E0,-4.4778368E-1,9.7954756E-1,-5.286343E-1,2.440599E0,2.4385445E-1,-5.077636E-1,2.4848746E-1,8.8022196E-1,-6.0062397E-2,3.8461536E-2,-5.228758E-2,2.448487E0,1.4613596E0,-5.795099E-1,-3.700962E-2,1.1545337E0,-4.109589E-2,2.4514556E0,-2.0146519E-1,1.7447386E0,-6.206629E-1,3.195909E-3,2.044059E0,-3.6584666E-1,-2.791279E-1,1.3246838E0,8.77193E-3,2.4529345E0,9.589041E-2,-5.5555552E-2,-4.639175E-2,1.8665239E0,1.6438356E-1,-6.240747E-2,1.1904762E-1,-3.7717283E-2,-5.8679707E-2,2.4737945E-1,2.4123421E-1,-4.8297983E-1,-5.270655E-1,-1.499266E-1,-3.8694072E-1,1.3972677E0,6.1643835E-2,2.4544005E0,-4.3209877E-2,1.9702601E0,9.4771236E-2,-8.901061E-2,2.015504E-1,-5.0152427E-1,-5.6543833E-1,3.305785E-1,-1.6782773E-1,1.4035088E-1,1.983471E-1,-5.031446E-1,-2.6186576E-1,1.4507209E0,9.589041E-2,2.4553652E-1,-4.109589E-2,2.0663069E-1,4.3256994E-2,-1.684293E-2,1.983471E-1,-5.1884808E-2,-1.459854E-2,-5.8470428E-2,-3.508772E-2,6.741573E-2,4.5994066E-2,-2.1468926E-2,6.19469E-2,-5.5289507E-2,2.2317596E-1,-6.1538458E-2,2.4782608E-1,1.3708581E-1],"categories":[],"categories_nodes":[],"categories_segments":[],"categories_sizes":[],"default_left":[0,0,0,0,0,0,0,0,0,0,0,0,0,0,0,0,0,0,0,0,0,0,0,0,0,0,0,0,0,0,0,0,0,0,0,0,0,0,0,0,0,0,0,0,0,0,0,0,0,0,0,0,0,0,0,0,0,0,0,0,0,0,0,0,0,0,0,0,0,0,0,0,0,0,0,0,0,0,0,0,0,0,0,0,0],"id":0,"left_children":[1,3,5,-1,7,9,11,13,15,-1,17,-1,19,-1,-1,-1,21,23,25,27,29,-1,31,33,35,37,39,41,43,45,47,-1,49,-1,-1,-1,51,-1,-1,-1,53,-1,-1,-1,55,57,59,61,63,-1,65,-1,67,-1,69,-1,71,73,75,77,-1,-1,79,81,83,-1,-1,-1,-1,-1,-1,-1,-1,-1,-1,-1,-1,-1,-1,-1,-1,-1,-1,-1,-1],"loss_changes":[4.9283306E3,7.963789E2,2.6475498E3,0E0,2.3115625E2,3.457159E2,5.580908E2,2.0218906E0,4.7914062E1,0E0,2.7635468E2,0E0,8.8490576E2,0E0,0E0,0E0,1.789746E1,3.278955E1,4.5139343E1,5.554678E2,6.6076733E2,0E0,6.734375E0,5.0194855E0,1.6714325E1,1.4608765E1,6.124602E0,1.26673706E2,2.2923108E2,9.14801E0,3.0121777E2,0E0,3.834961E0,0E0,0E0,0E0,1.4214111E1,0E0,0E0,0E0,6.2489424E0,0E0,0E0,0E0,3.220775E1,3.421339E0,5.540249E0,2.833374E1,2.0630518E2,0E0,5.0878906E-1,0E0,1.3153671E1,0E0,4.912749E0,0E0,2.983612E1,6.7782784E-1,1.3697536E0,5.6729016E0,0E0,0E0,5.670641E0,6.6008156E1,1.8121338E2,0E0,0E0,0E0,0E0,0E0,0E0,0E0,0E0,0E0,0E0,0E0,0E0,0E0,0E0,0E0,0E0,0E0,0E0,0E0,0E0],"parents":[2147483647,0,0,1,1,2,2,4,4,5,5,6,6,7,7,8,8,10,10,12,12,16,16,17,17,18,18,19,19,20,20,22,22,23,23,24,24,25,25,26,26,27,27,28,28,29,29,30,30,32,32,36,36,40,40,44,44,45,45,46,46,47,47,48,48,50,50,52,52,54,54,56,56,57,57,58,58,59,59,62,62,63,63,64,64],"right_children":[2,4,6,-1,8,10,12,14,16,-1,18,-1,20,-1,-1,-1,22,24,26,28,30,-1,32,34,36,38,40,42,44,46,48,-1,50,-1,-1,-1,52,-1,-1,-1,54,-1,-1,-1,56,58,60,62,64,-1,66,-1,68,-1,70,-1,72,74,76,78,-1,-1,80,82,84,-1,-1,-1,-1,-1,-1,-1,-1,-1,-1,-1,-1,-1,-1,-1,-1,-1,-1,-1,-1],"split_conditions":[2.00001E0,2.00001E0,2.00001E0,-6.1819762E-2,2.00001E0,2.00001E0,2.00001E0,2.00001E0,2.00001E0,2.4385445E-1,2.00001E0,2.4848746E-1,2.00001E0,-6.0062397E-2,3.8461536E-2,-5.228758E-2,2.00001E0,2.00001E0,2.00001E0,2.00001E0,2.00001E0,-4.109589E-2,2.00001E0,2.00001E0,2.00001E0,2.00001E0,2.00001E0,2.00001E0,2.00001E0,2.00001E0,2.00001E0,8.77193E-3,2.00001E0,9.589041E-2,-5.5555552E-2,-4.639175E-2,2.00001E0,1.6438356E-1,-6.240747E-2,1.1904762E-1,2.00001E0,-5.8679707E-2,2.4737945E-1,2.4123421E-1,2.00001E0,2.00001E0,2.00001E0,2.00001E0,2.00001E0,6.1643835E-2,2.00001E0,-4.3209877E-2,2.00001E0,9.4771236E-2,2.00001E0,2.015504E-1,2.00001E0,2.00001E0,2.00001E0,2.00001E0,1.4035088E-1,1.983471E-1,2.00001E0,2.00001E0,2.00001E0,9.589041E-2,2.4553652E-1,-4.109589E-2,2.0663069E-1,4.3256994E-2,-1.684293E-2,1.983471E-1,-5.1884808E-2,-1.459854E-2,-5.8470428E-2,-3.508772E-2,6.741573E-2,4.5994066E-2,-2.1468926E-2,6.19469E-2,-5.5289507E-2,2.2317596E-1,-6.1538458E-2,2.4782608E-1,1.3708581E-1],"split_indices":[18,1247,1082,0,1015,1014,38,85,953,0,433,0,403,0,0,0,502,490,379,337,704,0,1503,110,827,232,822,1066,1022,893,582,0,1476,0,0,0,851,0,0,0,825,0,0,0,152,2111,48,2091,1186,0,1466,0,1298,0,823,0,945,683,2223,691,0,0,893,1246,564,0,0,0,0,0,0,0,0,0,0,0,0,0,0,0,0,0,0,0,0],"split_type":[0,0,0,0,0,0,0,0,0,0,0,0,0,0,0,0,0,0,0,0,0,0,0,0,0,0,0,0,0,0,0,0,0,0,0,0,0,0,0,0,0,0,0,0,0,0,0,0,0,0,0,0,0,0,0,0,0,0,0,0,0,0,0,0,0,0,0,0,0,0,0,0,0,0,0,0,0,0,0,0,0,0,0,0,0],"sum_hessian":[7.8460806E3,2.11104E3,5.7350405E3,9.0880005E1,2.0201602E3,1.9888002E3,3.7462402E3,2.6240002E1,1.9939202E3,3.9680004E1,1.9491201E3,2.3040001E2,3.5158403E3,2.4640001E1,1.6000001E0,5.1200004E0,1.9888002E3,6.7840004E1,1.8812802E3,8.0960004E2,2.7062402E3,1.9200001E0,1.9868801E3,9.920001E0,5.7920006E1,1.7571201E3,1.2416001E2,1.0976001E2,6.9984E2,2.8704E2,2.4192002E3,1.2800001E0,1.9856001E3,1.9200001E0,8.000001E0,2.88E0,5.5040005E1,1.9200001E0,1.7552001E3,3.2000003E0,1.2096001E2,1.5360001E1,9.440001E1,2.7520002E1,6.7232007E2,9.728001E1,1.8976001E2,9.8240005E1,2.3209602E3,1.9200001E0,1.9836802E3,2.2400002E0,5.2800003E1,5.1200004E0,1.1584001E2,4.1600003E0,6.6816003E2,9.344001E1,3.8400002E0,1.8848001E2,1.2800001E0,3.8400002E0,9.440001E1,7.232001E1,2.2486401E3,1.9200001E0,1.9817601E3,1.9200001E0,5.0880005E1,1.4720001E1,1.0112001E2,3.8400002E0,6.6432007E2,4.4800005E0,8.896001E1,1.2800001E0,2.5600002E0,1.24800005E1,1.7600002E2,3.5200002E0,9.0880005E1,8.320001E0,6.400001E1,1.6000002E2,2.0886401E3],"tree_param":{"num_deleted":"0","num_feature":"2341","num_nodes":"85","size_leaf_vector":"1"}},{"base_weights":[-3.9031076E-1,2.4718086E-1,-4.2297083E-1,2.4024959E-1,-4.322823E-1,1.9628645E-1,-4.6442604E-1,2.3556581E-1,9.204835E-2,-6.2223214E-1,-3.2295454E-1,-6.089363E-1,3.6388758E-1,1.6666667E-1,-6.2482007E-2,2.3946035E-1,-3.3957237E-1,-6.1874248E-2,8.77193E-3,-5.643044E-1,7.435786E-1,2.1657753E-1,-3.541317E-1,-5.7661504E-2,8.77193E-3,1.1155957E0,-6.4061494E-3,5.534709E-1,-3.7995777E-1,-5.1246535E-2,1.3183628E-1,9.4890505E-2,-9.661836E-3,-9.608278E-3,1.2004488E-1,9.4890505E-2,-3.97644E-2],"categories":[],"categories_nodes":[],"categories_segments":[],"categories_sizes":[],"default_left":[0,0,0,0,0,0,0,0,0,0,0,0,0,0,0,0,0,0,0,0,0,0,0,0,0,0,0,0,0,0,0,0,0,0,0,0,0],"id":1,"left_children":[1,-1,3,-1,5,7,9,-1,11,13,15,17,19,-1,-1,-1,21,-1,-1,23,25,-1,27,-1,-1,29,31,33,35,-1,-1,-1,-1,-1,-1,-1,-1],"loss_changes":[7.345669E2,0E0,2.051825E2,0E0,1.5636853E2,8.4641655E1,1.6408398E2,0E0,6.895101E1,2.1640137E1,1.761366E2,7.453499E-1,9.223368E1,0E0,0E0,0E0,1.4154892E2,0E0,0E0,6.622219E-1,5.1712753E1,0E0,9.017505E1,0E0,0E0,4.157054E1,5.4728065E0,4.4913662E1,8.8101074E1,0E0,0E0,0E0,0E0,0E0,0E0,0E0,0E0],"parents":[2147483647,0,0,2,2,4,4,5,5,6,6,8,8,9,9,10,10,11,11,12,12,16,16,19,19,20,20,22,22,25,25,26,26,27,27,28,28],"right_children":[2,-1,4,-1,6,8,10,-1,12,14,16,18,20,-1,-1,-1,22,-1,-1,24,26,-1,28,-1,-1,30,32,34,36,-1,-1,-1,-1,-1,-1,-1,-1],"split_conditions":[2.00001E0,2.4718086E-1,2.00001E0,2.4024959E-1,2.00001E0,2.00001E0,2.00001E0,2.3556581E-1,2.00001E0,2.00001E0,2.00001E0,2.00001E0,2.00001E0,1.6666667E-1,-6.2482007E-2,2.3946035E-1,2.00001E0,-6.1874248E-2,8.77193E-3,2.00001E0,2.00001E0,2.1657753E-1,2.00001E0,-5.7661504E-2,8.77193E-3,2.00001E0,2.00001E0,2.00001E0,2.00001E0,-5.1246535E-2,1.3183628E-1,9.4890505E-2,-9.661836E-3,-9.608278E-3,1.2004488E-1,9.4890505E-2,-3.97644E-2],"split_indices":[327,0,289,0,45,196,372,0,819,1296,502,466,1101,0,0,0,1138,0,0,827,287,0,1253,0,0,834,820,640,318,0,0,0,0,0,0,0,0],"split_type":[0,0,0,0,0,0,0,0,0,0,0,0,0,0,0,0,0,0,0,0,0,0,0,0,0,0,0,0,0,0,0,0,0,0,0,0,0],